{
   "providers":[
      {
         "type":"space",
         "advances":{
            "\uE001":-1,
            "\uE002":-2,
            "\uE003":-4,
            "\uE004":-8,
            "\uE005":-16,
            "\uE006":-32,
            "\uE009":1,
            "\uE010":2,
            "\uE011":4,
            "\uE012":8,
            "\uE013":16,
            "\uE014":32
         }
      },
      {
         "type":"bitmap",
         "ascent":13,
         "height":126,
         "file":"cookies:menu.png",
         "chars":[
            "\uF001"
         ]
      },
	  {
         "type":"bitmap",
         "ascent":-8,
         "height":5,
         "file":"cookies:numbers.png",
         "chars":[
            "1234567890.km"
         ]
      },	  
	  {
         "type":"bitmap",
         "ascent":-41,
         "height":17,
         "file":"cookies:upgrades_available.png",
         "chars":[
            "\uF002",
			"\uF000",
			"\uF000"
         ]
      },	  
	  {
         "type":"bitmap",
         "ascent":-58,
         "height":17,
         "file":"cookies:upgrades_available.png",
         "chars":[
            "\uF000",
			"\uF003",
			"\uF000"
         ]
      },	  
	  {
         "type":"bitmap",
         "ascent":-75,
         "height":17,
         "file":"cookies:upgrades_available.png",
         "chars":[
            "\uF000",
			"\uF000",
			"\uF004"
         ]
      },	  
	  {
         "type":"bitmap",
         "ascent":-41,
         "height":17,
         "file":"cookies:upgrades_unavailable.png",
         "chars":[
            "\uF005",
			"\uF000",
			"\uF000"
         ]
      },	  
	  {
         "type":"bitmap",
         "ascent":-58,
         "height":17,
         "file":"cookies:upgrades_unavailable.png",
         "chars":[
            "\uF000",
			"\uF006",
			"\uF000"
         ]
      },	  
	  {
         "type":"bitmap",
         "ascent":-75,
         "height":17,
         "file":"cookies:upgrades_unavailable.png",
         "chars":[
            "\uF000",
			"\uF000",
			"\uF007"
         ]
      }
   ]
}